{
  "lat": 35.833,
  "lon": -90.6965,
  "timezone": "America/Chicago",
  "timezone_offset": -18000,
  "current": {
    "dt": 1617046477,
    "sunrise": 1617018775,
    "sunset": 1617063702,
    "temp": 290.64,
    "feels_like": 286.88,
    "pressure": 1021,
    "humidity": 42,
    "dew_point": 277.6,
    "uvi": 4.75,
    "clouds": 1,
    "visibility": 10000,
    "wind_speed": 3.6,
    "wind_deg": 210,
    "wind_gust": 9.26,
    "weather": [
      {
        "id": 800,
        "main": "Clear",
        "description": "clear sky",
        "icon": "01d"
      }
    ]
  },
  "minutely": [
    {
      "dt": 1617046500,
      "precipitation": 0
    },
    {
      "dt": 1617046560,
      "precipitation": 0
    },
    {
      "dt": 1617046620,
      "precipitation": 0
    },
    {
      "dt": 1617046680,
      "precipitation": 0
    },
    {
      "dt": 1617046740,
      "precipitation": 0
    },
    {
      "dt": 1617046800,
      "precipitation": 0
    },
    {
      "dt": 1617046860,
      "precipitation": 0
    },
    {
      "dt": 1617046920,
      "precipitation": 0
    },
    {
      "dt": 1617046980,
      "precipitation": 0
    },
    {
      "dt": 1617047040,
      "precipitation": 0
    },
    {
      "dt": 1617047100,
      "precipitation": 0
    },
    {
      "dt": 1617047160,
      "precipitation": 0
    },
    {
      "dt": 1617047220,
      "precipitation": 0
    },
    {
      "dt": 1617047280,
      "precipitation": 0
    },
    {
      "dt": 1617047340,
      "precipitation": 0
    },
    {
      "dt": 1617047400,
      "precipitation": 0
    },
    {
      "dt": 1617047460,
      "precipitation": 0
    },
    {
      "dt": 1617047520,
      "precipitation": 0
    },
    {
      "dt": 1617047580,
      "precipitation": 0
    },
    {
      "dt": 1617047640,
      "precipitation": 0
    },
    {
      "dt": 1617047700,
      "precipitation": 0
    },
    {
      "dt": 1617047760,
      "precipitation": 0
    },
    {
      "dt": 1617047820,
      "precipitation": 0
    },
    {
      "dt": 1617047880,
      "precipitation": 0
    },
    {
      "dt": 1617047940,
      "precipitation": 0
    },
    {
      "dt": 1617048000,
      "precipitation": 0
    },
    {
      "dt": 1617048060,
      "precipitation": 0
    },
    {
      "dt": 1617048120,
      "precipitation": 0
    },
    {
      "dt": 1617048180,
      "precipitation": 0
    },
    {
      "dt": 1617048240,
      "precipitation": 0
    },
    {
      "dt": 1617048300,
      "precipitation": 0
    },
    {
      "dt": 1617048360,
      "precipitation": 0
    },
    {
      "dt": 1617048420,
      "precipitation": 0
    },
    {
      "dt": 1617048480,
      "precipitation": 0
    },
    {
      "dt": 1617048540,
      "precipitation": 0
    },
    {
      "dt": 1617048600,
      "precipitation": 0
    },
    {
      "dt": 1617048660,
      "precipitation": 0
    },
    {
      "dt": 1617048720,
      "precipitation": 0
    },
    {
      "dt": 1617048780,
      "precipitation": 0
    },
    {
      "dt": 1617048840,
      "precipitation": 0
    },
    {
      "dt": 1617048900,
      "precipitation": 0
    },
    {
      "dt": 1617048960,
      "precipitation": 0
    },
    {
      "dt": 1617049020,
      "precipitation": 0
    },
    {
      "dt": 1617049080,
      "precipitation": 0
    },
    {
      "dt": 1617049140,
      "precipitation": 0
    },
    {
      "dt": 1617049200,
      "precipitation": 0
    },
    {
      "dt": 1617049260,
      "precipitation": 0
    },
    {
      "dt": 1617049320,
      "precipitation": 0
    },
    {
      "dt": 1617049380,
      "precipitation": 0
    },
    {
      "dt": 1617049440,
      "precipitation": 0
    },
    {
      "dt": 1617049500,
      "precipitation": 0
    },
    {
      "dt": 1617049560,
      "precipitation": 0
    },
    {
      "dt": 1617049620,
      "precipitation": 0
    },
    {
      "dt": 1617049680,
      "precipitation": 0
    },
    {
      "dt": 1617049740,
      "precipitation": 0
    },
    {
      "dt": 1617049800,
      "precipitation": 0
    },
    {
      "dt": 1617049860,
      "precipitation": 0
    },
    {
      "dt": 1617049920,
      "precipitation": 0
    },
    {
      "dt": 1617049980,
      "precipitation": 0
    },
    {
      "dt": 1617050040,
      "precipitation": 0
    },
    {
      "dt": 1617050100,
      "precipitation": 0
    }
  ],
  "daily": [
    {
      "dt": 1617040800,
      "sunrise": 1617018775,
      "sunset": 1617063702,
      "temp": {
        "day": 288.98,
        "min": 279.72,
        "max": 290.64,
        "night": 283.61,
        "eve": 286.75,
        "morn": 279.72
      },
      "feels_like": {
        "day": 283.96,
        "night": 279.91,
        "eve": 283.4,
        "morn": 276.27
      },
      "pressure": 1023,
      "humidity": 47,
      "dew_point": 278.08,
      "wind_speed": 5.44,
      "wind_deg": 185,
      "weather": [
        {
          "id": 800,
          "main": "Clear",
          "description": "clear sky",
          "icon": "01d"
        }
      ],
      "clouds": 0,
      "pop": 0,
      "uvi": 6.69
    },
    {
      "dt": 1617127200,
      "sunrise": 1617105088,
      "sunset": 1617150152,
      "temp": {
        "day": 292.71,
        "min": 281.57,
        "max": 293.04,
        "night": 288.96,
        "eve": 288.45,
        "morn": 281.57
      },
      "feels_like": {
        "day": 287.19,
        "night": 288.01,
        "eve": 287.16,
        "morn": 277.05
      },
      "pressure": 1016,
      "humidity": 56,
      "dew_point": 283.79,
      "wind_speed": 8.16,
      "wind_deg": 197,
      "weather": [
        {
          "id": 501,
          "main": "Rain",
          "description": "moderate rain",
          "icon": "10d"
        }
      ],
      "clouds": 68,
      "pop": 0.97,
      "rain": 6.15,
      "uvi": 6.74
    },
    {
      "dt": 1617213600,
      "sunrise": 1617191402,
      "sunset": 1617236601,
      "temp": {
        "day": 279.19,
        "min": 277.91,
        "max": 288.44,
        "night": 277.91,
        "eve": 282.08,
        "morn": 280.47
      },
      "feels_like": {
        "day": 271.91,
        "night": 273.77,
        "eve": 277.15,
        "morn": 273.89
      },
      "pressure": 1027,
      "humidity": 74,
      "dew_point": 274.92,
      "wind_speed": 7.96,
      "wind_deg": 2,
      "weather": [
        {
          "id": 502,
          "main": "Rain",
          "description": "heavy intensity rain",
          "icon": "10d"
        }
      ],
      "clouds": 100,
      "pop": 1,
      "rain": 15.33,
      "uvi": 6.05
    },
    {
      "dt": 1617300000,
      "sunrise": 1617277716,
      "sunset": 1617323050,
      "temp": {
        "day": 281.82,
        "min": 273.58,
        "max": 283.62,
        "night": 277.06,
        "eve": 280.81,
        "morn": 273.58
      },
      "feels_like": {
        "day": 275.25,
        "night": 272.45,
        "eve": 276.76,
        "morn": 268.61
      },
      "pressure": 1034,
      "humidity": 39,
      "dew_point": 268.89,
      "wind_speed": 5.73,
      "wind_deg": 355,
      "weather": [
        {
          "id": 800,
          "main": "Clear",
          "description": "clear sky",
          "icon": "01d"
        }
      ],
      "clouds": 0,
      "pop": 0,
      "uvi": 6.13
    },
    {
      "dt": 1617386400,
      "sunrise": 1617364030,
      "sunset": 1617409499,
      "temp": {
        "day": 283.14,
        "min": 273.51,
        "max": 285.3,
        "night": 279.93,
        "eve": 282.69,
        "morn": 273.51
      },
      "feels_like": {
        "day": 279.01,
        "night": 276.35,
        "eve": 279.26,
        "morn": 269.18
      },
      "pressure": 1034,
      "humidity": 43,
      "dew_point": 271.19,
      "wind_speed": 2.67,
      "wind_deg": 138,
      "weather": [
        {
          "id": 800,
          "main": "Clear",
          "description": "clear sky",
          "icon": "01d"
        }
      ],
      "clouds": 0,
      "pop": 0,
      "uvi": 7
    },
    {
      "dt": 1617472800,
      "sunrise": 1617450344,
      "sunset": 1617495948,
      "temp": {
        "day": 286.82,
        "min": 278.6,
        "max": 289.22,
        "night": 282.02,
        "eve": 285.86,
        "morn": 278.9
      },
      "feels_like": {
        "day": 281.99,
        "night": 278.93,
        "eve": 282.76,
        "morn": 275.3
      },
      "pressure": 1029,
      "humidity": 51,
      "dew_point": 276.99,
      "wind_speed": 4.94,
      "wind_deg": 207,
      "weather": [
        {
          "id": 804,
          "main": "Clouds",
          "description": "overcast clouds",
          "icon": "04d"
        }
      ],
      "clouds": 100,
      "pop": 0,
      "uvi": 7
    },
    {
      "dt": 1617559200,
      "sunrise": 1617536659,
      "sunset": 1617582398,
      "temp": {
        "day": 291.29,
        "min": 280.56,
        "max": 292.42,
        "night": 288.5,
        "eve": 289.35,
        "morn": 280.56
      },
      "feels_like": {
        "day": 287.32,
        "night": 286.15,
        "eve": 287.47,
        "morn": 277.33
      },
      "pressure": 1026,
      "humidity": 54,
      "dew_point": 282.02,
      "wind_speed": 5.24,
      "wind_deg": 204,
      "weather": [
        {
          "id": 800,
          "main": "Clear",
          "description": "clear sky",
          "icon": "01d"
        }
      ],
      "clouds": 8,
      "pop": 0,
      "uvi": 7
    },
    {
      "dt": 1617645600,
      "sunrise": 1617622975,
      "sunset": 1617668847,
      "temp": {
        "day": 294.18,
        "min": 285.53,
        "max": 295.49,
        "night": 288.55,
        "eve": 291.96,
        "morn": 285.53
      },
      "feels_like": {
        "day": 290.64,
        "night": 286.3,
        "eve": 290.49,
        "morn": 282.79
      },
      "pressure": 1023,
      "humidity": 56,
      "dew_point": 285.3,
      "wind_speed": 5.9,
      "wind_deg": 202,
      "weather": [
        {
          "id": 802,
          "main": "Clouds",
          "description": "scattered clouds",
          "icon": "03d"
        }
      ],
      "clouds": 31,
      "pop": 0,
      "uvi": 7
    }
  ]
}